﻿<?xml version="1.0" encoding="utf-8"?>
<DownloadTask>
  <ProjectInfo
    DeviceVersion="14.0.1.0"
    CreationTime="2017-10-25 13:46:56 (UTC)"
    Runtime="COLORADO"
    RtProjectName="PortierOP.PortierOP[TP700 Comfort]"
    RtProjectFolderName="PortierOP.PortierOP[TP700 Comfort]"
    DeviceType="TP700 Comfort"
    DisplayOrientation="0"
    RTReleaseNo="14.0.1.0"
    ImageReleaseNo="14.0.1.0"
    RTCV="14.0.1.0"
    PRCV="14.0.1.0"
    FirmwareFileName="CP_7_9\14.0.1.0\CP_7_9_12_V14_0_1.fwf"
    RuntimeFileName="CP_7_9\14.0.1.0\CP_7_9_12_V14_0_1.ruf"
    RuntimeAddonFolderName="CP_7_9" />
  <FullDownload>pdata.fwc</FullDownload>
  <FullDownload
    type="ADMINDATA">pdata.pwx</FullDownload>
  <FullDownload>ProjectSettings.hsf</FullDownload>
  <FullDownload>DeviceSettings.hsf</FullDownload>
  <FullDownload>SmartServer.rld</FullDownload>
</DownloadTask>